{"count":1,"self":45.063990399999994,"total":46.7829287,"children":{"InitializeActuators":{"count":24,"self":0.0009966,"total":0.0009966,"children":null},"InitializeSensors":{"count":24,"self":0.0019933,"total":0.0019933,"children":null},"AgentSendState":{"count":2096,"self":0.56930459999999994,"total":0.5903622,"children":{"CollectObservations":{"count":10080,"self":0.0020306,"total":0.0020306,"children":null},"WriteActionMask":{"count":10080,"self":0.0060276999999999996,"total":0.0060276999999999996,"children":null},"RequestDecision":{"count":10080,"self":0.0129993,"total":0.0129993,"children":null}}},"DecideAction":{"count":2096,"self":0.9371008999999999,"total":0.9799778,"children":{"RayPerceptionSensor.Perceive":{"count":16800,"self":0.042876899999999996,"total":0.042876899999999996,"children":null}}},"AgentAct":{"count":2096,"self":0.1436145,"total":0.1436145,"children":null}},"gauges":{"Goalie.CumulativeReward":{"count":65,"max":0.273003459,"min":0.00700000068,"runningAverage":0.04033249,"value":0.231202766,"weightedAverage":0.09815193},"Striker.CumulativeReward":{"count":130,"max":-0.00700000068,"min":-0.273003459,"runningAverage":-0.0403325073,"value":-0.231202766,"weightedAverage":-0.120947026}},"metadata":{"timer_format_version":"0.1.0","start_time_seconds":"1640107068","unity_version":"2020.3.20f1","command_line_arguments":"C:\\Program Files\\Unity 2020.3.20f1\\Editor\\Unity.exe -projectpath C:\\Users\\gin71\\Desktop\\project\\Metro Simulator -useHub -hubIPC -cloudEnvironment production -licensingIpc LicenseClient-gin71 -hubSessionId 559624e0-627d-11ec-8f66-63df7ba5399a -accessToken C7kSRTYmo-6RRXaBt3gtOAtqlTZtBKObLZHhRca_2s400df","communication_protocol_version":"1.5.0","com.unity.ml-agents_version":"2.1.0-exp.1","scene_name":"StrikersVsGoalie","end_time_seconds":"1640107115"}}